{
  "AppVersion": "1.1.6.0",
  "Title": "Light Writing I (Lively Ver)",
  "Thumbnail": "lively_t.jpg",
  "Preview": "lively_p.gif",
  "Desc": null,
  "Author": null,
  "License": null,
  "Contact": "https://www.youtube.com/embed/lSR-tvUN6MI?autoplay=1&showinfo=0&loop=1&list=PL7K_cQ2aVeqn0_3eTOgLMr_4_BN9md4qq&rel=0",
  "Type": 3,
  "FileName": "https://www.youtube.com/embed/lSR-tvUN6MI?autoplay=1&showinfo=0&loop=1&list=PL7K_cQ2aVeqn0_3eTOgLMr_4_BN9md4qq&rel=0",
  "Arguments": null,
  "IsAbsolutePath": false
}